?item	?itemLabel	?term	?termLabel	?constituency	?constituencyLabel	?party	?partyLabel	?start	?election	?electionLabel	?end	?cause	?causeLabel
<http://www.wikidata.org/entity/Q10999286>	"Paul Berry"@en	<http://www.wikidata.org/entity/Q21128140>	"1st Northern Ireland Assembly"@en	<http://www.wikidata.org/entity/Q7019151>	"Newry and Armagh"@en	<http://www.wikidata.org/entity/Q215519>	"Democratic Unionist Party"@en	"1998-06-25T00:00:00Z"^^<http://www.w3.org/2001/XMLSchema#dateTime>	<http://www.wikidata.org/entity/Q2076208>	"1998 Northern Ireland Assembly election"@en	"2003-04-28T00:00:00Z"^^<http://www.w3.org/2001/XMLSchema#dateTime>	<http://www.wikidata.org/entity/Q741182>	"dissolution of parliament"@en
<http://www.wikidata.org/entity/Q1116655>	"Alex Maskey"@en	<http://www.wikidata.org/entity/Q21128140>	"1st Northern Ireland Assembly"@en	<http://www.wikidata.org/entity/Q4882350>	"Belfast West"@en	<http://www.wikidata.org/entity/Q76382>	"Sinn Féin"@en	"1998-06-25T00:00:00Z"^^<http://www.w3.org/2001/XMLSchema#dateTime>	<http://www.wikidata.org/entity/Q2076208>	"1998 Northern Ireland Assembly election"@en	"2003-04-28T00:00:00Z"^^<http://www.w3.org/2001/XMLSchema#dateTime>	<http://www.wikidata.org/entity/Q741182>	"dissolution of parliament"@en
<http://www.wikidata.org/entity/Q16105286>	"P. J. Bradley"@en	<http://www.wikidata.org/entity/Q21128140>	"1st Northern Ireland Assembly"@en	<http://www.wikidata.org/entity/Q7567069>	"South Down"@en	<http://www.wikidata.org/entity/Q175443>	"Social Democratic and Labour Party"@en	"1998-06-25T00:00:00Z"^^<http://www.w3.org/2001/XMLSchema#dateTime>	<http://www.wikidata.org/entity/Q2076208>	"1998 Northern Ireland Assembly election"@en	"2003-04-28T00:00:00Z"^^<http://www.w3.org/2001/XMLSchema#dateTime>	<http://www.wikidata.org/entity/Q741182>	"dissolution of parliament"@en
<http://www.wikidata.org/entity/Q16105819>	"Jim Wilson"@en	<http://www.wikidata.org/entity/Q21128140>	"1st Northern Ireland Assembly"@en	<http://www.wikidata.org/entity/Q7565994>	"South Antrim"@en	<http://www.wikidata.org/entity/Q841045>	"Ulster Unionist Party"@en	"1998-06-25T00:00:00Z"^^<http://www.w3.org/2001/XMLSchema#dateTime>	<http://www.wikidata.org/entity/Q2076208>	"1998 Northern Ireland Assembly election"@en	"2003-04-28T00:00:00Z"^^<http://www.w3.org/2001/XMLSchema#dateTime>	<http://www.wikidata.org/entity/Q741182>	"dissolution of parliament"@en
<http://www.wikidata.org/entity/Q16106022>	"Mick Murphy"@en	<http://www.wikidata.org/entity/Q21128140>	"1st Northern Ireland Assembly"@en	<http://www.wikidata.org/entity/Q7567069>	"South Down"@en	<http://www.wikidata.org/entity/Q76382>	"Sinn Féin"@en	"1998-06-25T00:00:00Z"^^<http://www.w3.org/2001/XMLSchema#dateTime>	<http://www.wikidata.org/entity/Q2076208>	"1998 Northern Ireland Assembly election"@en	"2003-04-28T00:00:00Z"^^<http://www.w3.org/2001/XMLSchema#dateTime>	<http://www.wikidata.org/entity/Q741182>	"dissolution of parliament"@en
<http://www.wikidata.org/entity/Q16186261>	"Tom Hamilton"@en	<http://www.wikidata.org/entity/Q21128140>	"1st Northern Ireland Assembly"@en	<http://www.wikidata.org/entity/Q7621629>	"Strangford"@en	<http://www.wikidata.org/entity/Q841045>	"Ulster Unionist Party"@en	"2001-01-17T00:00:00Z"^^<http://www.w3.org/2001/XMLSchema#dateTime>			"2003-04-28T00:00:00Z"^^<http://www.w3.org/2001/XMLSchema#dateTime>	<http://www.wikidata.org/entity/Q741182>	"dissolution of parliament"@en
<http://www.wikidata.org/entity/Q16190807>	"Gerry McHugh"@en	<http://www.wikidata.org/entity/Q21128140>	"1st Northern Ireland Assembly"@en	<http://www.wikidata.org/entity/Q5444367>	"Fermanagh and South Tyrone"@en	<http://www.wikidata.org/entity/Q76382>	"Sinn Féin"@en	"1998-06-25T00:00:00Z"^^<http://www.w3.org/2001/XMLSchema#dateTime>	<http://www.wikidata.org/entity/Q2076208>	"1998 Northern Ireland Assembly election"@en	"2003-04-28T00:00:00Z"^^<http://www.w3.org/2001/XMLSchema#dateTime>	<http://www.wikidata.org/entity/Q741182>	"dissolution of parliament"@en
<http://www.wikidata.org/entity/Q16193334>	"Mark Robinson"@en	<http://www.wikidata.org/entity/Q21128140>	"1st Northern Ireland Assembly"@en	<http://www.wikidata.org/entity/Q4882329>	"Belfast South"@en	<http://www.wikidata.org/entity/Q215519>	"Democratic Unionist Party"@en	"1998-06-25T00:00:00Z"^^<http://www.w3.org/2001/XMLSchema#dateTime>	<http://www.wikidata.org/entity/Q2076208>	"1998 Northern Ireland Assembly election"@en	"2003-04-28T00:00:00Z"^^<http://www.w3.org/2001/XMLSchema#dateTime>	<http://www.wikidata.org/entity/Q741182>	"dissolution of parliament"@en
<http://www.wikidata.org/entity/Q16195114>	"David Hilditch"@en	<http://www.wikidata.org/entity/Q21128140>	"1st Northern Ireland Assembly"@en	<http://www.wikidata.org/entity/Q5327714>	"East Antrim"@en	<http://www.wikidata.org/entity/Q215519>	"Democratic Unionist Party"@en	"1998-06-25T00:00:00Z"^^<http://www.w3.org/2001/XMLSchema#dateTime>	<http://www.wikidata.org/entity/Q2076208>	"1998 Northern Ireland Assembly election"@en	"2003-04-28T00:00:00Z"^^<http://www.w3.org/2001/XMLSchema#dateTime>	<http://www.wikidata.org/entity/Q741182>	"dissolution of parliament"@en
<http://www.wikidata.org/entity/Q1911383>	"Maurice Morrow, Baron Morrow"@en	<http://www.wikidata.org/entity/Q21128140>	"1st Northern Ireland Assembly"@en	<http://www.wikidata.org/entity/Q5444367>	"Fermanagh and South Tyrone"@en	<http://www.wikidata.org/entity/Q215519>	"Democratic Unionist Party"@en	"1998-06-25T00:00:00Z"^^<http://www.w3.org/2001/XMLSchema#dateTime>	<http://www.wikidata.org/entity/Q2076208>	"1998 Northern Ireland Assembly election"@en	"2003-04-28T00:00:00Z"^^<http://www.w3.org/2001/XMLSchema#dateTime>	<http://www.wikidata.org/entity/Q741182>	"dissolution of parliament"@en
<http://www.wikidata.org/entity/Q192556>	"David Trimble"@en	<http://www.wikidata.org/entity/Q21128140>	"1st Northern Ireland Assembly"@en	<http://www.wikidata.org/entity/Q7898475>	"Upper Bann"@en	<http://www.wikidata.org/entity/Q841045>	"Ulster Unionist Party"@en	"1998-06-25T00:00:00Z"^^<http://www.w3.org/2001/XMLSchema#dateTime>	<http://www.wikidata.org/entity/Q2076208>	"1998 Northern Ireland Assembly election"@en	"2003-04-28T00:00:00Z"^^<http://www.w3.org/2001/XMLSchema#dateTime>	<http://www.wikidata.org/entity/Q741182>	"dissolution of parliament"@en
<http://www.wikidata.org/entity/Q193630>	"John Hume"@en	<http://www.wikidata.org/entity/Q21128140>	"1st Northern Ireland Assembly"@en	<http://www.wikidata.org/entity/Q5477379>	"Foyle"@en	<http://www.wikidata.org/entity/Q175443>	"Social Democratic and Labour Party"@en	"1998-06-25T00:00:00Z"^^<http://www.w3.org/2001/XMLSchema#dateTime>	<http://www.wikidata.org/entity/Q2076208>	"1998 Northern Ireland Assembly election"@en	"2000-12-01T00:00:00Z"^^<http://www.w3.org/2001/XMLSchema#dateTime>	<http://www.wikidata.org/entity/Q796919>	"resignation"@en
<http://www.wikidata.org/entity/Q241830>	"David Ervine"@en	<http://www.wikidata.org/entity/Q21128140>	"1st Northern Ireland Assembly"@en	<http://www.wikidata.org/entity/Q4882274>	"Belfast East"@en	<http://www.wikidata.org/entity/Q1817613>	"Progressive Unionist Party"@en	"1998-06-25T00:00:00Z"^^<http://www.w3.org/2001/XMLSchema#dateTime>	<http://www.wikidata.org/entity/Q2076208>	"1998 Northern Ireland Assembly election"@en	"2003-04-28T00:00:00Z"^^<http://www.w3.org/2001/XMLSchema#dateTime>	<http://www.wikidata.org/entity/Q741182>	"dissolution of parliament"@en
<http://www.wikidata.org/entity/Q262040>	"Sammy Wilson"@en	<http://www.wikidata.org/entity/Q21128140>	"1st Northern Ireland Assembly"@en	<http://www.wikidata.org/entity/Q4882274>	"Belfast East"@en	<http://www.wikidata.org/entity/Q215519>	"Democratic Unionist Party"@en	"1998-06-25T00:00:00Z"^^<http://www.w3.org/2001/XMLSchema#dateTime>	<http://www.wikidata.org/entity/Q2076208>	"1998 Northern Ireland Assembly election"@en	"2003-04-28T00:00:00Z"^^<http://www.w3.org/2001/XMLSchema#dateTime>	<http://www.wikidata.org/entity/Q741182>	"dissolution of parliament"@en
<http://www.wikidata.org/entity/Q268465>	"Gregory Campbell"@en	<http://www.wikidata.org/entity/Q21128140>	"1st Northern Ireland Assembly"@en	<http://www.wikidata.org/entity/Q5328872>	"East Londonderry"@en	<http://www.wikidata.org/entity/Q215519>	"Democratic Unionist Party"@en	"1998-06-25T00:00:00Z"^^<http://www.w3.org/2001/XMLSchema#dateTime>	<http://www.wikidata.org/entity/Q2076208>	"1998 Northern Ireland Assembly election"@en	"2003-04-28T00:00:00Z"^^<http://www.w3.org/2001/XMLSchema#dateTime>	<http://www.wikidata.org/entity/Q741182>	"dissolution of parliament"@en
<http://www.wikidata.org/entity/Q296597>	"Ian Paisley"@en	<http://www.wikidata.org/entity/Q21128140>	"1st Northern Ireland Assembly"@en	<http://www.wikidata.org/entity/Q7053953>	"North Antrim"@en	<http://www.wikidata.org/entity/Q215519>	"Democratic Unionist Party"@en	"1998-06-25T00:00:00Z"^^<http://www.w3.org/2001/XMLSchema#dateTime>	<http://www.wikidata.org/entity/Q2076208>	"1998 Northern Ireland Assembly election"@en	"2003-04-28T00:00:00Z"^^<http://www.w3.org/2001/XMLSchema#dateTime>	<http://www.wikidata.org/entity/Q741182>	"dissolution of parliament"@en
<http://www.wikidata.org/entity/Q300243>	"Nigel Dodds"@en	<http://www.wikidata.org/entity/Q21128140>	"1st Northern Ireland Assembly"@en	<http://www.wikidata.org/entity/Q4882308>	"Belfast North"@en	<http://www.wikidata.org/entity/Q215519>	"Democratic Unionist Party"@en	"1998-06-25T00:00:00Z"^^<http://www.w3.org/2001/XMLSchema#dateTime>	<http://www.wikidata.org/entity/Q2076208>	"1998 Northern Ireland Assembly election"@en	"2003-04-28T00:00:00Z"^^<http://www.w3.org/2001/XMLSchema#dateTime>	<http://www.wikidata.org/entity/Q741182>	"dissolution of parliament"@en
<http://www.wikidata.org/entity/Q300269>	"Pat Doherty"@en	<http://www.wikidata.org/entity/Q21128140>	"1st Northern Ireland Assembly"@en	<http://www.wikidata.org/entity/Q7986717>	"West Tyrone"@en	<http://www.wikidata.org/entity/Q76382>	"Sinn Féin"@en	"1998-06-25T00:00:00Z"^^<http://www.w3.org/2001/XMLSchema#dateTime>	<http://www.wikidata.org/entity/Q2076208>	"1998 Northern Ireland Assembly election"@en	"2003-04-28T00:00:00Z"^^<http://www.w3.org/2001/XMLSchema#dateTime>	<http://www.wikidata.org/entity/Q741182>	"dissolution of parliament"@en
<http://www.wikidata.org/entity/Q302620>	"Mark Durkan"@en	<http://www.wikidata.org/entity/Q21128140>	"1st Northern Ireland Assembly"@en	<http://www.wikidata.org/entity/Q5477379>	"Foyle"@en	<http://www.wikidata.org/entity/Q175443>	"Social Democratic and Labour Party"@en	"1998-06-25T00:00:00Z"^^<http://www.w3.org/2001/XMLSchema#dateTime>	<http://www.wikidata.org/entity/Q2076208>	"1998 Northern Ireland Assembly election"@en	"2003-04-28T00:00:00Z"^^<http://www.w3.org/2001/XMLSchema#dateTime>	<http://www.wikidata.org/entity/Q741182>	"dissolution of parliament"@en
<http://www.wikidata.org/entity/Q3181858>	"John Kelly"@en	<http://www.wikidata.org/entity/Q21128140>	"1st Northern Ireland Assembly"@en	<http://www.wikidata.org/entity/Q6841031>	"Mid Ulster"@en	<http://www.wikidata.org/entity/Q76382>	"Sinn Féin"@en	"1998-06-25T00:00:00Z"^^<http://www.w3.org/2001/XMLSchema#dateTime>	<http://www.wikidata.org/entity/Q2076208>	"1998 Northern Ireland Assembly election"@en	"2003-04-28T00:00:00Z"^^<http://www.w3.org/2001/XMLSchema#dateTime>	<http://www.wikidata.org/entity/Q741182>	"dissolution of parliament"@en
<http://www.wikidata.org/entity/Q333036>	"Peter Robinson"@en	<http://www.wikidata.org/entity/Q21128140>	"1st Northern Ireland Assembly"@en	<http://www.wikidata.org/entity/Q4882274>	"Belfast East"@en	<http://www.wikidata.org/entity/Q215519>	"Democratic Unionist Party"@en	"1998-06-25T00:00:00Z"^^<http://www.w3.org/2001/XMLSchema#dateTime>	<http://www.wikidata.org/entity/Q2076208>	"1998 Northern Ireland Assembly election"@en	"2003-04-28T00:00:00Z"^^<http://www.w3.org/2001/XMLSchema#dateTime>	<http://www.wikidata.org/entity/Q741182>	"dissolution of parliament"@en
<http://www.wikidata.org/entity/Q333235>	"Iris Robinson"@en	<http://www.wikidata.org/entity/Q21128140>	"1st Northern Ireland Assembly"@en	<http://www.wikidata.org/entity/Q7621629>	"Strangford"@en	<http://www.wikidata.org/entity/Q215519>	"Democratic Unionist Party"@en	"1998-06-25T00:00:00Z"^^<http://www.w3.org/2001/XMLSchema#dateTime>	<http://www.wikidata.org/entity/Q2076208>	"1998 Northern Ireland Assembly election"@en	"2003-04-28T00:00:00Z"^^<http://www.w3.org/2001/XMLSchema#dateTime>	<http://www.wikidata.org/entity/Q741182>	"dissolution of parliament"@en
<http://www.wikidata.org/entity/Q333991>	"John Taylor, Baron Kilclooney"@en	<http://www.wikidata.org/entity/Q21128140>	"1st Northern Ireland Assembly"@en	<http://www.wikidata.org/entity/Q7621629>	"Strangford"@en	<http://www.wikidata.org/entity/Q841045>	"Ulster Unionist Party"@en	"1998-06-25T00:00:00Z"^^<http://www.w3.org/2001/XMLSchema#dateTime>	<http://www.wikidata.org/entity/Q2076208>	"1998 Northern Ireland Assembly election"@en	"2003-04-28T00:00:00Z"^^<http://www.w3.org/2001/XMLSchema#dateTime>	<http://www.wikidata.org/entity/Q741182>	"dissolution of parliament"@en
<http://www.wikidata.org/entity/Q336064>	"Reg Empey"@en	<http://www.wikidata.org/entity/Q21128140>	"1st Northern Ireland Assembly"@en	<http://www.wikidata.org/entity/Q4882274>	"Belfast East"@en	<http://www.wikidata.org/entity/Q841045>	"Ulster Unionist Party"@en	"1998-06-25T00:00:00Z"^^<http://www.w3.org/2001/XMLSchema#dateTime>	<http://www.wikidata.org/entity/Q2076208>	"1998 Northern Ireland Assembly election"@en	"2003-04-28T00:00:00Z"^^<http://www.w3.org/2001/XMLSchema#dateTime>	<http://www.wikidata.org/entity/Q741182>	"dissolution of parliament"@en
<http://www.wikidata.org/entity/Q336390>	"John Alderdice, Baron Alderdice"@en	<http://www.wikidata.org/entity/Q21128140>	"1st Northern Ireland Assembly"@en	<http://www.wikidata.org/entity/Q4882274>	"Belfast East"@en	<http://www.wikidata.org/entity/Q244927>	"Alliance Party of Northern Ireland"@en	"1998-06-25T00:00:00Z"^^<http://www.w3.org/2001/XMLSchema#dateTime>	<http://www.wikidata.org/entity/Q2076208>	"1998 Northern Ireland Assembly election"@en	"1998-06-30T00:00:00Z"^^<http://www.w3.org/2001/XMLSchema#dateTime>	<http://www.wikidata.org/entity/Q38080438>	"election as Speaker of the Northern Ireland Assembly"@en
<http://www.wikidata.org/entity/Q337970>	"Michelle Gildernew"@en	<http://www.wikidata.org/entity/Q21128140>	"1st Northern Ireland Assembly"@en	<http://www.wikidata.org/entity/Q5444367>	"Fermanagh and South Tyrone"@en	<http://www.wikidata.org/entity/Q76382>	"Sinn Féin"@en	"1998-06-25T00:00:00Z"^^<http://www.w3.org/2001/XMLSchema#dateTime>	<http://www.wikidata.org/entity/Q2076208>	"1998 Northern Ireland Assembly election"@en	"2003-04-28T00:00:00Z"^^<http://www.w3.org/2001/XMLSchema#dateTime>	<http://www.wikidata.org/entity/Q741182>	"dissolution of parliament"@en
<http://www.wikidata.org/entity/Q3476695>	"Seamus Mallon"@en	<http://www.wikidata.org/entity/Q21128140>	"1st Northern Ireland Assembly"@en	<http://www.wikidata.org/entity/Q7019151>	"Newry and Armagh"@en	<http://www.wikidata.org/entity/Q175443>	"Social Democratic and Labour Party"@en	"1998-06-25T00:00:00Z"^^<http://www.w3.org/2001/XMLSchema#dateTime>	<http://www.wikidata.org/entity/Q2076208>	"1998 Northern Ireland Assembly election"@en	"2003-04-28T00:00:00Z"^^<http://www.w3.org/2001/XMLSchema#dateTime>	<http://www.wikidata.org/entity/Q741182>	"dissolution of parliament"@en
<http://www.wikidata.org/entity/Q450673>	"Bairbre de Brún"@en	<http://www.wikidata.org/entity/Q21128140>	"1st Northern Ireland Assembly"@en	<http://www.wikidata.org/entity/Q4882350>	"Belfast West"@en	<http://www.wikidata.org/entity/Q76382>	"Sinn Féin"@en	"1998-06-25T00:00:00Z"^^<http://www.w3.org/2001/XMLSchema#dateTime>	<http://www.wikidata.org/entity/Q2076208>	"1998 Northern Ireland Assembly election"@en	"2003-04-28T00:00:00Z"^^<http://www.w3.org/2001/XMLSchema#dateTime>	<http://www.wikidata.org/entity/Q741182>	"dissolution of parliament"@en
<http://www.wikidata.org/entity/Q4707281>	"Alan McFarland"@en	<http://www.wikidata.org/entity/Q21128140>	"1st Northern Ireland Assembly"@en	<http://www.wikidata.org/entity/Q7055150>	"North Down"@en	<http://www.wikidata.org/entity/Q841045>	"Ulster Unionist Party"@en	"1998-06-25T00:00:00Z"^^<http://www.w3.org/2001/XMLSchema#dateTime>	<http://www.wikidata.org/entity/Q2076208>	"1998 Northern Ireland Assembly election"@en	"2003-04-28T00:00:00Z"^^<http://www.w3.org/2001/XMLSchema#dateTime>	<http://www.wikidata.org/entity/Q741182>	"dissolution of parliament"@en
<http://www.wikidata.org/entity/Q4709010>	"Alban Maginness"@en	<http://www.wikidata.org/entity/Q21128140>	"1st Northern Ireland Assembly"@en	<http://www.wikidata.org/entity/Q4882308>	"Belfast North"@en	<http://www.wikidata.org/entity/Q175443>	"Social Democratic and Labour Party"@en	"1998-06-25T00:00:00Z"^^<http://www.w3.org/2001/XMLSchema#dateTime>	<http://www.wikidata.org/entity/Q2076208>	"1998 Northern Ireland Assembly election"@en	"2003-04-28T00:00:00Z"^^<http://www.w3.org/2001/XMLSchema#dateTime>	<http://www.wikidata.org/entity/Q741182>	"dissolution of parliament"@en
<http://www.wikidata.org/entity/Q4716637>	"Alex Attwood"@en	<http://www.wikidata.org/entity/Q21128140>	"1st Northern Ireland Assembly"@en	<http://www.wikidata.org/entity/Q4882350>	"Belfast West"@en	<http://www.wikidata.org/entity/Q175443>	"Social Democratic and Labour Party"@en	"1998-06-25T00:00:00Z"^^<http://www.w3.org/2001/XMLSchema#dateTime>	<http://www.wikidata.org/entity/Q2076208>	"1998 Northern Ireland Assembly election"@en	"2003-04-28T00:00:00Z"^^<http://www.w3.org/2001/XMLSchema#dateTime>	<http://www.wikidata.org/entity/Q741182>	"dissolution of parliament"@en
<http://www.wikidata.org/entity/Q4769268>	"Annie Courtney"@en	<http://www.wikidata.org/entity/Q21128140>	"1st Northern Ireland Assembly"@en	<http://www.wikidata.org/entity/Q5477379>	"Foyle"@en	<http://www.wikidata.org/entity/Q175443>	"Social Democratic and Labour Party"@en	"2000-12-05T00:00:00Z"^^<http://www.w3.org/2001/XMLSchema#dateTime>			"2003-04-01T00:00:00Z"^^<http://www.w3.org/2001/XMLSchema#dateTime>	<http://www.wikidata.org/entity/Q30580660>	"leaving party"@en
<http://www.wikidata.org/entity/Q4769268>	"Annie Courtney"@en	<http://www.wikidata.org/entity/Q21128140>	"1st Northern Ireland Assembly"@en	<http://www.wikidata.org/entity/Q5477379>	"Foyle"@en	<http://www.wikidata.org/entity/Q327591>	"independent politician"@en	"2003-04-01T00:00:00Z"^^<http://www.w3.org/2001/XMLSchema#dateTime>			"2003-04-28T00:00:00Z"^^<http://www.w3.org/2001/XMLSchema#dateTime>	<http://www.wikidata.org/entity/Q741182>	"dissolution of parliament"@en
<http://www.wikidata.org/entity/Q478702>	"Jim Shannon"@en	<http://www.wikidata.org/entity/Q21128140>	"1st Northern Ireland Assembly"@en	<http://www.wikidata.org/entity/Q7621629>	"Strangford"@en	<http://www.wikidata.org/entity/Q215519>	"Democratic Unionist Party"@en	"1998-06-25T00:00:00Z"^^<http://www.w3.org/2001/XMLSchema#dateTime>	<http://www.wikidata.org/entity/Q2076208>	"1998 Northern Ireland Assembly election"@en	"2003-04-28T00:00:00Z"^^<http://www.w3.org/2001/XMLSchema#dateTime>	<http://www.wikidata.org/entity/Q741182>	"dissolution of parliament"@en
<http://www.wikidata.org/entity/Q4798477>	"Arthur Doherty"@en	<http://www.wikidata.org/entity/Q21128140>	"1st Northern Ireland Assembly"@en	<http://www.wikidata.org/entity/Q5328872>	"East Londonderry"@en	<http://www.wikidata.org/entity/Q175443>	"Social Democratic and Labour Party"@en	"1998-06-25T00:00:00Z"^^<http://www.w3.org/2001/XMLSchema#dateTime>	<http://www.wikidata.org/entity/Q2076208>	"1998 Northern Ireland Assembly election"@en	"2002-09-01T00:00:00Z"^^<http://www.w3.org/2001/XMLSchema#dateTime>	<http://www.wikidata.org/entity/Q796919>	"resignation"@en
<http://www.wikidata.org/entity/Q4864486>	"Barry McElduff"@en	<http://www.wikidata.org/entity/Q21128140>	"1st Northern Ireland Assembly"@en	<http://www.wikidata.org/entity/Q7986717>	"West Tyrone"@en	<http://www.wikidata.org/entity/Q76382>	"Sinn Féin"@en	"1998-06-25T00:00:00Z"^^<http://www.w3.org/2001/XMLSchema#dateTime>	<http://www.wikidata.org/entity/Q2076208>	"1998 Northern Ireland Assembly election"@en	"2003-04-28T00:00:00Z"^^<http://www.w3.org/2001/XMLSchema#dateTime>	<http://www.wikidata.org/entity/Q741182>	"dissolution of parliament"@en
<http://www.wikidata.org/entity/Q4912119>	"Billy Armstrong"@en	<http://www.wikidata.org/entity/Q21128140>	"1st Northern Ireland Assembly"@en	<http://www.wikidata.org/entity/Q6841031>	"Mid Ulster"@en	<http://www.wikidata.org/entity/Q841045>	"Ulster Unionist Party"@en	"1998-06-25T00:00:00Z"^^<http://www.w3.org/2001/XMLSchema#dateTime>	<http://www.wikidata.org/entity/Q2076208>	"1998 Northern Ireland Assembly election"@en	"2003-04-28T00:00:00Z"^^<http://www.w3.org/2001/XMLSchema#dateTime>	<http://www.wikidata.org/entity/Q741182>	"dissolution of parliament"@en
<http://www.wikidata.org/entity/Q4912187>	"Billy Bell"@en	<http://www.wikidata.org/entity/Q21128140>	"1st Northern Ireland Assembly"@en	<http://www.wikidata.org/entity/Q15241246>	"Lagan Valley"@en	<http://www.wikidata.org/entity/Q841045>	"Ulster Unionist Party"@en	"1998-06-25T00:00:00Z"^^<http://www.w3.org/2001/XMLSchema#dateTime>	<http://www.wikidata.org/entity/Q2076208>	"1998 Northern Ireland Assembly election"@en	"2003-04-28T00:00:00Z"^^<http://www.w3.org/2001/XMLSchema#dateTime>	<http://www.wikidata.org/entity/Q741182>	"dissolution of parliament"@en
<http://www.wikidata.org/entity/Q4912757>	"Billy Hutchinson"@en	<http://www.wikidata.org/entity/Q21128140>	"1st Northern Ireland Assembly"@en	<http://www.wikidata.org/entity/Q4882308>	"Belfast North"@en	<http://www.wikidata.org/entity/Q1817613>	"Progressive Unionist Party"@en	"1998-06-25T00:00:00Z"^^<http://www.w3.org/2001/XMLSchema#dateTime>	<http://www.wikidata.org/entity/Q2076208>	"1998 Northern Ireland Assembly election"@en	"2003-04-28T00:00:00Z"^^<http://www.w3.org/2001/XMLSchema#dateTime>	<http://www.wikidata.org/entity/Q741182>	"dissolution of parliament"@en
<http://www.wikidata.org/entity/Q4952326>	"Boyd Douglas"@en	<http://www.wikidata.org/entity/Q21128140>	"1st Northern Ireland Assembly"@en	<http://www.wikidata.org/entity/Q5328872>	"East Londonderry"@en	<http://www.wikidata.org/entity/Q327591>	"independent politician"@en	"1998-06-25T00:00:00Z"^^<http://www.w3.org/2001/XMLSchema#dateTime>	<http://www.wikidata.org/entity/Q2076208>	"1998 Northern Ireland Assembly election"@en	"1998-09-21T00:00:00Z"^^<http://www.w3.org/2001/XMLSchema#dateTime>	<http://www.wikidata.org/entity/Q35867887>	"rejoining party"@en
<http://www.wikidata.org/entity/Q4952326>	"Boyd Douglas"@en	<http://www.wikidata.org/entity/Q21128140>	"1st Northern Ireland Assembly"@en	<http://www.wikidata.org/entity/Q5328872>	"East Londonderry"@en	<http://www.wikidata.org/entity/Q7893622>	"United Unionist Coalition"@en	"1998-09-21T00:00:00Z"^^<http://www.w3.org/2001/XMLSchema#dateTime>			"2003-04-28T00:00:00Z"^^<http://www.w3.org/2001/XMLSchema#dateTime>	<http://www.wikidata.org/entity/Q741182>	"dissolution of parliament"@en
<http://www.wikidata.org/entity/Q4981853>	"Bríd Rodgers"@en	<http://www.wikidata.org/entity/Q21128140>	"1st Northern Ireland Assembly"@en	<http://www.wikidata.org/entity/Q7898475>	"Upper Bann"@en	<http://www.wikidata.org/entity/Q175443>	"Social Democratic and Labour Party"@en	"1998-06-25T00:00:00Z"^^<http://www.w3.org/2001/XMLSchema#dateTime>	<http://www.wikidata.org/entity/Q2076208>	"1998 Northern Ireland Assembly election"@en	"2003-04-28T00:00:00Z"^^<http://www.w3.org/2001/XMLSchema#dateTime>	<http://www.wikidata.org/entity/Q741182>	"dissolution of parliament"@en
<http://www.wikidata.org/entity/Q5043280>	"Carmel Hanna"@en	<http://www.wikidata.org/entity/Q21128140>	"1st Northern Ireland Assembly"@en	<http://www.wikidata.org/entity/Q4882329>	"Belfast South"@en	<http://www.wikidata.org/entity/Q175443>	"Social Democratic and Labour Party"@en	"1998-06-25T00:00:00Z"^^<http://www.w3.org/2001/XMLSchema#dateTime>	<http://www.wikidata.org/entity/Q2076208>	"1998 Northern Ireland Assembly election"@en	"2003-04-28T00:00:00Z"^^<http://www.w3.org/2001/XMLSchema#dateTime>	<http://www.wikidata.org/entity/Q741182>	"dissolution of parliament"@en
<http://www.wikidata.org/entity/Q5057164>	"Cedric Wilson"@en	<http://www.wikidata.org/entity/Q21128140>	"1st Northern Ireland Assembly"@en	<http://www.wikidata.org/entity/Q7621629>	"Strangford"@en	<http://www.wikidata.org/entity/Q985706>	"UK Unionist Party"@en	"1998-06-25T00:00:00Z"^^<http://www.w3.org/2001/XMLSchema#dateTime>	<http://www.wikidata.org/entity/Q2076208>	"1998 Northern Ireland Assembly election"@en	"1999-01-15T00:00:00Z"^^<http://www.w3.org/2001/XMLSchema#dateTime>	<http://www.wikidata.org/entity/Q30580660>	"leaving party"@en
<http://www.wikidata.org/entity/Q5057164>	"Cedric Wilson"@en	<http://www.wikidata.org/entity/Q21128140>	"1st Northern Ireland Assembly"@en	<http://www.wikidata.org/entity/Q7621629>	"Strangford"@en	<http://www.wikidata.org/entity/Q7058534>	"Northern Ireland Unionist Party"@en	"1999-01-15T00:00:00Z"^^<http://www.w3.org/2001/XMLSchema#dateTime>			"2003-04-28T00:00:00Z"^^<http://www.w3.org/2001/XMLSchema#dateTime>	<http://www.wikidata.org/entity/Q741182>	"dissolution of parliament"@en
<http://www.wikidata.org/entity/Q5220512>	"Danny Kennedy"@en	<http://www.wikidata.org/entity/Q21128140>	"1st Northern Ireland Assembly"@en	<http://www.wikidata.org/entity/Q7019151>	"Newry and Armagh"@en	<http://www.wikidata.org/entity/Q841045>	"Ulster Unionist Party"@en	"1998-06-25T00:00:00Z"^^<http://www.w3.org/2001/XMLSchema#dateTime>	<http://www.wikidata.org/entity/Q2076208>	"1998 Northern Ireland Assembly election"@en	"2003-04-28T00:00:00Z"^^<http://www.w3.org/2001/XMLSchema#dateTime>	<http://www.wikidata.org/entity/Q741182>	"dissolution of parliament"@en
<http://www.wikidata.org/entity/Q5220697>	"Danny O'Connor"@en	<http://www.wikidata.org/entity/Q21128140>	"1st Northern Ireland Assembly"@en	<http://www.wikidata.org/entity/Q5327714>	"East Antrim"@en	<http://www.wikidata.org/entity/Q175443>	"Social Democratic and Labour Party"@en	"1998-06-25T00:00:00Z"^^<http://www.w3.org/2001/XMLSchema#dateTime>	<http://www.wikidata.org/entity/Q2076208>	"1998 Northern Ireland Assembly election"@en	"2003-04-28T00:00:00Z"^^<http://www.w3.org/2001/XMLSchema#dateTime>	<http://www.wikidata.org/entity/Q741182>	"dissolution of parliament"@en
<http://www.wikidata.org/entity/Q5221985>	"Dara O'Hagan"@en	<http://www.wikidata.org/entity/Q21128140>	"1st Northern Ireland Assembly"@en	<http://www.wikidata.org/entity/Q7898475>	"Upper Bann"@en	<http://www.wikidata.org/entity/Q76382>	"Sinn Féin"@en	"1998-06-25T00:00:00Z"^^<http://www.w3.org/2001/XMLSchema#dateTime>	<http://www.wikidata.org/entity/Q2076208>	"1998 Northern Ireland Assembly election"@en	"2003-04-28T00:00:00Z"^^<http://www.w3.org/2001/XMLSchema#dateTime>	<http://www.wikidata.org/entity/Q741182>	"dissolution of parliament"@en
<http://www.wikidata.org/entity/Q5233732>	"David Ford"@en	<http://www.wikidata.org/entity/Q21128140>	"1st Northern Ireland Assembly"@en	<http://www.wikidata.org/entity/Q7565994>	"South Antrim"@en	<http://www.wikidata.org/entity/Q244927>	"Alliance Party of Northern Ireland"@en	"1998-06-25T00:00:00Z"^^<http://www.w3.org/2001/XMLSchema#dateTime>	<http://www.wikidata.org/entity/Q2076208>	"1998 Northern Ireland Assembly election"@en	"2003-04-28T00:00:00Z"^^<http://www.w3.org/2001/XMLSchema#dateTime>	<http://www.wikidata.org/entity/Q741182>	"dissolution of parliament"@en
<http://www.wikidata.org/entity/Q5237292>	"David McClarty"@en	<http://www.wikidata.org/entity/Q21128140>	"1st Northern Ireland Assembly"@en	<http://www.wikidata.org/entity/Q5328872>	"East Londonderry"@en	<http://www.wikidata.org/entity/Q841045>	"Ulster Unionist Party"@en	"1998-06-25T00:00:00Z"^^<http://www.w3.org/2001/XMLSchema#dateTime>	<http://www.wikidata.org/entity/Q2076208>	"1998 Northern Ireland Assembly election"@en	"2003-04-28T00:00:00Z"^^<http://www.w3.org/2001/XMLSchema#dateTime>	<http://www.wikidata.org/entity/Q741182>	"dissolution of parliament"@en
<http://www.wikidata.org/entity/Q5257276>	"Denis Haughey"@en	<http://www.wikidata.org/entity/Q21128140>	"1st Northern Ireland Assembly"@en	<http://www.wikidata.org/entity/Q6841031>	"Mid Ulster"@en	<http://www.wikidata.org/entity/Q175443>	"Social Democratic and Labour Party"@en	"1998-06-25T00:00:00Z"^^<http://www.w3.org/2001/XMLSchema#dateTime>	<http://www.wikidata.org/entity/Q2076208>	"1998 Northern Ireland Assembly election"@en	"2003-04-28T00:00:00Z"^^<http://www.w3.org/2001/XMLSchema#dateTime>	<http://www.wikidata.org/entity/Q741182>	"dissolution of parliament"@en
<http://www.wikidata.org/entity/Q5257576>	"Denis Watson"@en	<http://www.wikidata.org/entity/Q21128140>	"1st Northern Ireland Assembly"@en	<http://www.wikidata.org/entity/Q7898475>	"Upper Bann"@en	<http://www.wikidata.org/entity/Q327591>	"independent politician"@en	"1998-06-25T00:00:00Z"^^<http://www.w3.org/2001/XMLSchema#dateTime>	<http://www.wikidata.org/entity/Q2076208>	"1998 Northern Ireland Assembly election"@en	"1998-09-21T00:00:00Z"^^<http://www.w3.org/2001/XMLSchema#dateTime>	<http://www.wikidata.org/entity/Q35867887>	"rejoining party"@en
<http://www.wikidata.org/entity/Q5257576>	"Denis Watson"@en	<http://www.wikidata.org/entity/Q21128140>	"1st Northern Ireland Assembly"@en	<http://www.wikidata.org/entity/Q7898475>	"Upper Bann"@en	<http://www.wikidata.org/entity/Q7893622>	"United Unionist Coalition"@en	"1998-09-21T00:00:00Z"^^<http://www.w3.org/2001/XMLSchema#dateTime>			"2003-04-28T00:00:00Z"^^<http://www.w3.org/2001/XMLSchema#dateTime>	<http://www.wikidata.org/entity/Q741182>	"dissolution of parliament"@en
<http://www.wikidata.org/entity/Q5262066>	"Derek Hussey"@en	<http://www.wikidata.org/entity/Q21128140>	"1st Northern Ireland Assembly"@en	<http://www.wikidata.org/entity/Q7986717>	"West Tyrone"@en	<http://www.wikidata.org/entity/Q841045>	"Ulster Unionist Party"@en	"1998-06-25T00:00:00Z"^^<http://www.w3.org/2001/XMLSchema#dateTime>	<http://www.wikidata.org/entity/Q2076208>	"1998 Northern Ireland Assembly election"@en	"2003-04-28T00:00:00Z"^^<http://www.w3.org/2001/XMLSchema#dateTime>	<http://www.wikidata.org/entity/Q741182>	"dissolution of parliament"@en
<http://www.wikidata.org/entity/Q5262833>	"Dermot Nesbitt"@en	<http://www.wikidata.org/entity/Q21128140>	"1st Northern Ireland Assembly"@en	<http://www.wikidata.org/entity/Q7567069>	"South Down"@en	<http://www.wikidata.org/entity/Q841045>	"Ulster Unionist Party"@en	"1998-06-25T00:00:00Z"^^<http://www.w3.org/2001/XMLSchema#dateTime>	<http://www.wikidata.org/entity/Q2076208>	"1998 Northern Ireland Assembly election"@en	"2003-04-28T00:00:00Z"^^<http://www.w3.org/2001/XMLSchema#dateTime>	<http://www.wikidata.org/entity/Q741182>	"dissolution of parliament"@en
<http://www.wikidata.org/entity/Q5296845>	"Donovan McClelland"@en	<http://www.wikidata.org/entity/Q21128140>	"1st Northern Ireland Assembly"@en	<http://www.wikidata.org/entity/Q7565994>	"South Antrim"@en	<http://www.wikidata.org/entity/Q175443>	"Social Democratic and Labour Party"@en	"1998-06-25T00:00:00Z"^^<http://www.w3.org/2001/XMLSchema#dateTime>	<http://www.wikidata.org/entity/Q2076208>	"1998 Northern Ireland Assembly election"@en	"2003-04-28T00:00:00Z"^^<http://www.w3.org/2001/XMLSchema#dateTime>	<http://www.wikidata.org/entity/Q741182>	"dissolution of parliament"@en
<http://www.wikidata.org/entity/Q5314604>	"Duncan Shipley-Dalton"@en	<http://www.wikidata.org/entity/Q21128140>	"1st Northern Ireland Assembly"@en	<http://www.wikidata.org/entity/Q7565994>	"South Antrim"@en	<http://www.wikidata.org/entity/Q841045>	"Ulster Unionist Party"@en	"1998-06-25T00:00:00Z"^^<http://www.w3.org/2001/XMLSchema#dateTime>	<http://www.wikidata.org/entity/Q2076208>	"1998 Northern Ireland Assembly election"@en	"2003-04-28T00:00:00Z"^^<http://www.w3.org/2001/XMLSchema#dateTime>	<http://www.wikidata.org/entity/Q741182>	"dissolution of parliament"@en
<http://www.wikidata.org/entity/Q5325535>	"Eamon O'Neill"@en	<http://www.wikidata.org/entity/Q21128140>	"1st Northern Ireland Assembly"@en	<http://www.wikidata.org/entity/Q7567069>	"South Down"@en	<http://www.wikidata.org/entity/Q175443>	"Social Democratic and Labour Party"@en	"1998-06-25T00:00:00Z"^^<http://www.w3.org/2001/XMLSchema#dateTime>	<http://www.wikidata.org/entity/Q2076208>	"1998 Northern Ireland Assembly election"@en	"2003-04-28T00:00:00Z"^^<http://www.w3.org/2001/XMLSchema#dateTime>	<http://www.wikidata.org/entity/Q741182>	"dissolution of parliament"@en
<http://www.wikidata.org/entity/Q5336300>	"Eddie McGrady"@en	<http://www.wikidata.org/entity/Q21128140>	"1st Northern Ireland Assembly"@en	<http://www.wikidata.org/entity/Q7567069>	"South Down"@en	<http://www.wikidata.org/entity/Q175443>	"Social Democratic and Labour Party"@en	"1998-06-25T00:00:00Z"^^<http://www.w3.org/2001/XMLSchema#dateTime>	<http://www.wikidata.org/entity/Q2076208>	"1998 Northern Ireland Assembly election"@en	"2003-04-28T00:00:00Z"^^<http://www.w3.org/2001/XMLSchema#dateTime>	<http://www.wikidata.org/entity/Q741182>	"dissolution of parliament"@en
<http://www.wikidata.org/entity/Q5346750>	"Edwin Poots"@en	<http://www.wikidata.org/entity/Q21128140>	"1st Northern Ireland Assembly"@en	<http://www.wikidata.org/entity/Q15241246>	"Lagan Valley"@en	<http://www.wikidata.org/entity/Q215519>	"Democratic Unionist Party"@en	"1998-06-25T00:00:00Z"^^<http://www.w3.org/2001/XMLSchema#dateTime>	<http://www.wikidata.org/entity/Q2076208>	"1998 Northern Ireland Assembly election"@en	"2003-04-28T00:00:00Z"^^<http://www.w3.org/2001/XMLSchema#dateTime>	<http://www.wikidata.org/entity/Q741182>	"dissolution of parliament"@en
<http://www.wikidata.org/entity/Q5349324>	"Eileen Bell"@en	<http://www.wikidata.org/entity/Q21128140>	"1st Northern Ireland Assembly"@en	<http://www.wikidata.org/entity/Q7055150>	"North Down"@en	<http://www.wikidata.org/entity/Q244927>	"Alliance Party of Northern Ireland"@en	"1998-06-25T00:00:00Z"^^<http://www.w3.org/2001/XMLSchema#dateTime>	<http://www.wikidata.org/entity/Q2076208>	"1998 Northern Ireland Assembly election"@en	"2003-04-28T00:00:00Z"^^<http://www.w3.org/2001/XMLSchema#dateTime>	<http://www.wikidata.org/entity/Q741182>	"dissolution of parliament"@en
<http://www.wikidata.org/entity/Q5398557>	"Esmond Birnie"@en	<http://www.wikidata.org/entity/Q21128140>	"1st Northern Ireland Assembly"@en	<http://www.wikidata.org/entity/Q4882329>	"Belfast South"@en	<http://www.wikidata.org/entity/Q841045>	"Ulster Unionist Party"@en	"1998-06-25T00:00:00Z"^^<http://www.w3.org/2001/XMLSchema#dateTime>	<http://www.wikidata.org/entity/Q2076208>	"1998 Northern Ireland Assembly election"@en	"2003-04-28T00:00:00Z"^^<http://www.w3.org/2001/XMLSchema#dateTime>	<http://www.wikidata.org/entity/Q741182>	"dissolution of parliament"@en
<http://www.wikidata.org/entity/Q5407530>	"Eugene McMenamin"@en	<http://www.wikidata.org/entity/Q21128140>	"1st Northern Ireland Assembly"@en	<http://www.wikidata.org/entity/Q7986717>	"West Tyrone"@en	<http://www.wikidata.org/entity/Q175443>	"Social Democratic and Labour Party"@en	"1998-06-25T00:00:00Z"^^<http://www.w3.org/2001/XMLSchema#dateTime>	<http://www.wikidata.org/entity/Q2076208>	"1998 Northern Ireland Assembly election"@en	"2003-04-28T00:00:00Z"^^<http://www.w3.org/2001/XMLSchema#dateTime>	<http://www.wikidata.org/entity/Q741182>	"dissolution of parliament"@en
<http://www.wikidata.org/entity/Q5479812>	"Francie Molloy"@en	<http://www.wikidata.org/entity/Q21128140>	"1st Northern Ireland Assembly"@en	<http://www.wikidata.org/entity/Q6841031>	"Mid Ulster"@en	<http://www.wikidata.org/entity/Q76382>	"Sinn Féin"@en	"1998-06-25T00:00:00Z"^^<http://www.w3.org/2001/XMLSchema#dateTime>	<http://www.wikidata.org/entity/Q2076208>	"1998 Northern Ireland Assembly election"@en	"2003-04-28T00:00:00Z"^^<http://www.w3.org/2001/XMLSchema#dateTime>	<http://www.wikidata.org/entity/Q741182>	"dissolution of parliament"@en
<http://www.wikidata.org/entity/Q5493559>	"Fraser Agnew"@en	<http://www.wikidata.org/entity/Q21128140>	"1st Northern Ireland Assembly"@en	<http://www.wikidata.org/entity/Q4882308>	"Belfast North"@en	<http://www.wikidata.org/entity/Q327591>	"independent politician"@en	"1998-06-25T00:00:00Z"^^<http://www.w3.org/2001/XMLSchema#dateTime>	<http://www.wikidata.org/entity/Q2076208>	"1998 Northern Ireland Assembly election"@en	"1998-09-21T00:00:00Z"^^<http://www.w3.org/2001/XMLSchema#dateTime>	<http://www.wikidata.org/entity/Q35867887>	"rejoining party"@en
<http://www.wikidata.org/entity/Q5493559>	"Fraser Agnew"@en	<http://www.wikidata.org/entity/Q21128140>	"1st Northern Ireland Assembly"@en	<http://www.wikidata.org/entity/Q4882308>	"Belfast North"@en	<http://www.wikidata.org/entity/Q7893622>	"United Unionist Coalition"@en	"1998-09-21T00:00:00Z"^^<http://www.w3.org/2001/XMLSchema#dateTime>			"2003-04-28T00:00:00Z"^^<http://www.w3.org/2001/XMLSchema#dateTime>	<http://www.wikidata.org/entity/Q741182>	"dissolution of parliament"@en
<http://www.wikidata.org/entity/Q5494852>	"Fred Cobain"@en	<http://www.wikidata.org/entity/Q21128140>	"1st Northern Ireland Assembly"@en	<http://www.wikidata.org/entity/Q4882308>	"Belfast North"@en	<http://www.wikidata.org/entity/Q841045>	"Ulster Unionist Party"@en	"1998-06-25T00:00:00Z"^^<http://www.w3.org/2001/XMLSchema#dateTime>	<http://www.wikidata.org/entity/Q2076208>	"1998 Northern Ireland Assembly election"@en	"2003-04-28T00:00:00Z"^^<http://www.w3.org/2001/XMLSchema#dateTime>	<http://www.wikidata.org/entity/Q741182>	"dissolution of parliament"@en
<http://www.wikidata.org/entity/Q5522531>	"Gardiner Kane"@en	<http://www.wikidata.org/entity/Q21128140>	"1st Northern Ireland Assembly"@en	<http://www.wikidata.org/entity/Q7053953>	"North Antrim"@en	<http://www.wikidata.org/entity/Q215519>	"Democratic Unionist Party"@en	"1998-06-25T00:00:00Z"^^<http://www.w3.org/2001/XMLSchema#dateTime>	<http://www.wikidata.org/entity/Q2076208>	"1998 Northern Ireland Assembly election"@en	"2002-11-11T00:00:00Z"^^<http://www.w3.org/2001/XMLSchema#dateTime>	<http://www.wikidata.org/entity/Q30580660>	"leaving party"@en
<http://www.wikidata.org/entity/Q5522531>	"Gardiner Kane"@en	<http://www.wikidata.org/entity/Q21128140>	"1st Northern Ireland Assembly"@en	<http://www.wikidata.org/entity/Q7053953>	"North Antrim"@en	<http://www.wikidata.org/entity/Q327591>	"independent politician"@en	"2002-11-11T00:00:00Z"^^<http://www.w3.org/2001/XMLSchema#dateTime>			"2003-04-28T00:00:00Z"^^<http://www.w3.org/2001/XMLSchema#dateTime>	<http://www.wikidata.org/entity/Q741182>	"dissolution of parliament"@en
<http://www.wikidata.org/entity/Q5544306>	"George Savage"@en	<http://www.wikidata.org/entity/Q21128140>	"1st Northern Ireland Assembly"@en	<http://www.wikidata.org/entity/Q7898475>	"Upper Bann"@en	<http://www.wikidata.org/entity/Q841045>	"Ulster Unionist Party"@en	"1998-06-25T00:00:00Z"^^<http://www.w3.org/2001/XMLSchema#dateTime>	<http://www.wikidata.org/entity/Q2076208>	"1998 Northern Ireland Assembly election"@en	"2003-04-28T00:00:00Z"^^<http://www.w3.org/2001/XMLSchema#dateTime>	<http://www.wikidata.org/entity/Q741182>	"dissolution of parliament"@en
<http://www.wikidata.org/entity/Q5552825>	"Gerry Kelly"@en	<http://www.wikidata.org/entity/Q21128140>	"1st Northern Ireland Assembly"@en	<http://www.wikidata.org/entity/Q4882308>	"Belfast North"@en	<http://www.wikidata.org/entity/Q76382>	"Sinn Féin"@en	"1998-06-25T00:00:00Z"^^<http://www.w3.org/2001/XMLSchema#dateTime>	<http://www.wikidata.org/entity/Q2076208>	"1998 Northern Ireland Assembly election"@en	"2003-04-28T00:00:00Z"^^<http://www.w3.org/2001/XMLSchema#dateTime>	<http://www.wikidata.org/entity/Q741182>	"dissolution of parliament"@en
<http://www.wikidata.org/entity/Q575881>	"Ian Paisley Jr"@en	<http://www.wikidata.org/entity/Q21128140>	"1st Northern Ireland Assembly"@en	<http://www.wikidata.org/entity/Q7053953>	"North Antrim"@en	<http://www.wikidata.org/entity/Q215519>	"Democratic Unionist Party"@en	"1998-06-25T00:00:00Z"^^<http://www.w3.org/2001/XMLSchema#dateTime>	<http://www.wikidata.org/entity/Q2076208>	"1998 Northern Ireland Assembly election"@en	"2003-04-28T00:00:00Z"^^<http://www.w3.org/2001/XMLSchema#dateTime>	<http://www.wikidata.org/entity/Q741182>	"dissolution of parliament"@en
<http://www.wikidata.org/entity/Q578710>	"Conor Murphy"@en	<http://www.wikidata.org/entity/Q21128140>	"1st Northern Ireland Assembly"@en	<http://www.wikidata.org/entity/Q7019151>	"Newry and Armagh"@en	<http://www.wikidata.org/entity/Q76382>	"Sinn Féin"@en	"1998-06-25T00:00:00Z"^^<http://www.w3.org/2001/XMLSchema#dateTime>	<http://www.wikidata.org/entity/Q2076208>	"1998 Northern Ireland Assembly election"@en	"2003-04-28T00:00:00Z"^^<http://www.w3.org/2001/XMLSchema#dateTime>	<http://www.wikidata.org/entity/Q741182>	"dissolution of parliament"@en
<http://www.wikidata.org/entity/Q583571>	"Alasdair McDonnell"@en	<http://www.wikidata.org/entity/Q21128140>	"1st Northern Ireland Assembly"@en	<http://www.wikidata.org/entity/Q4882329>	"Belfast South"@en	<http://www.wikidata.org/entity/Q175443>	"Social Democratic and Labour Party"@en	"1998-06-25T00:00:00Z"^^<http://www.w3.org/2001/XMLSchema#dateTime>	<http://www.wikidata.org/entity/Q2076208>	"1998 Northern Ireland Assembly election"@en	"2003-04-28T00:00:00Z"^^<http://www.w3.org/2001/XMLSchema#dateTime>	<http://www.wikidata.org/entity/Q741182>	"dissolution of parliament"@en
<http://www.wikidata.org/entity/Q5980734>	"Ian Adamson"@en	<http://www.wikidata.org/entity/Q21128140>	"1st Northern Ireland Assembly"@en	<http://www.wikidata.org/entity/Q4882274>	"Belfast East"@en	<http://www.wikidata.org/entity/Q841045>	"Ulster Unionist Party"@en	"1998-06-25T00:00:00Z"^^<http://www.w3.org/2001/XMLSchema#dateTime>	<http://www.wikidata.org/entity/Q2076208>	"1998 Northern Ireland Assembly election"@en	"2003-04-28T00:00:00Z"^^<http://www.w3.org/2001/XMLSchema#dateTime>	<http://www.wikidata.org/entity/Q741182>	"dissolution of parliament"@en
<http://www.wikidata.org/entity/Q6096121>	"Ivan Davis"@en	<http://www.wikidata.org/entity/Q21128140>	"1st Northern Ireland Assembly"@en	<http://www.wikidata.org/entity/Q15241246>	"Lagan Valley"@en	<http://www.wikidata.org/entity/Q841045>	"Ulster Unionist Party"@en	"1998-06-25T00:00:00Z"^^<http://www.w3.org/2001/XMLSchema#dateTime>	<http://www.wikidata.org/entity/Q2076208>	"1998 Northern Ireland Assembly election"@en	"2003-04-28T00:00:00Z"^^<http://www.w3.org/2001/XMLSchema#dateTime>	<http://www.wikidata.org/entity/Q741182>	"dissolution of parliament"@en
<http://www.wikidata.org/entity/Q6138001>	"James Leslie"@en	<http://www.wikidata.org/entity/Q21128140>	"1st Northern Ireland Assembly"@en	<http://www.wikidata.org/entity/Q7053953>	"North Antrim"@en	<http://www.wikidata.org/entity/Q841045>	"Ulster Unionist Party"@en	"1998-06-25T00:00:00Z"^^<http://www.w3.org/2001/XMLSchema#dateTime>	<http://www.wikidata.org/entity/Q2076208>	"1998 Northern Ireland Assembly election"@en	"2003-04-28T00:00:00Z"^^<http://www.w3.org/2001/XMLSchema#dateTime>	<http://www.wikidata.org/entity/Q741182>	"dissolution of parliament"@en
<http://www.wikidata.org/entity/Q6152576>	"Jane Morrice"@en	<http://www.wikidata.org/entity/Q21128140>	"1st Northern Ireland Assembly"@en	<http://www.wikidata.org/entity/Q7055150>	"North Down"@en	<http://www.wikidata.org/entity/Q7058538>	"Northern Ireland Women's Coalition"@en	"1998-06-25T00:00:00Z"^^<http://www.w3.org/2001/XMLSchema#dateTime>	<http://www.wikidata.org/entity/Q2076208>	"1998 Northern Ireland Assembly election"@en	"2003-04-28T00:00:00Z"^^<http://www.w3.org/2001/XMLSchema#dateTime>	<http://www.wikidata.org/entity/Q741182>	"dissolution of parliament"@en
<http://www.wikidata.org/entity/Q6198868>	"Jim Wells"@en	<http://www.wikidata.org/entity/Q21128140>	"1st Northern Ireland Assembly"@en	<http://www.wikidata.org/entity/Q7567069>	"South Down"@en	<http://www.wikidata.org/entity/Q215519>	"Democratic Unionist Party"@en	"1998-06-25T00:00:00Z"^^<http://www.w3.org/2001/XMLSchema#dateTime>	<http://www.wikidata.org/entity/Q2076208>	"1998 Northern Ireland Assembly election"@en	"2003-04-28T00:00:00Z"^^<http://www.w3.org/2001/XMLSchema#dateTime>	<http://www.wikidata.org/entity/Q741182>	"dissolution of parliament"@en
<http://www.wikidata.org/entity/Q6204929>	"Joan Carson"@en	<http://www.wikidata.org/entity/Q21128140>	"1st Northern Ireland Assembly"@en	<http://www.wikidata.org/entity/Q5444367>	"Fermanagh and South Tyrone"@en	<http://www.wikidata.org/entity/Q841045>	"Ulster Unionist Party"@en	"1998-06-25T00:00:00Z"^^<http://www.w3.org/2001/XMLSchema#dateTime>	<http://www.wikidata.org/entity/Q2076208>	"1998 Northern Ireland Assembly election"@en	"2003-04-28T00:00:00Z"^^<http://www.w3.org/2001/XMLSchema#dateTime>	<http://www.wikidata.org/entity/Q741182>	"dissolution of parliament"@en
<http://www.wikidata.org/entity/Q6208911>	"Joe Byrne"@en	<http://www.wikidata.org/entity/Q21128140>	"1st Northern Ireland Assembly"@en	<http://www.wikidata.org/entity/Q7986717>	"West Tyrone"@en	<http://www.wikidata.org/entity/Q175443>	"Social Democratic and Labour Party"@en	"1998-06-25T00:00:00Z"^^<http://www.w3.org/2001/XMLSchema#dateTime>	<http://www.wikidata.org/entity/Q2076208>	"1998 Northern Ireland Assembly election"@en	"2003-04-28T00:00:00Z"^^<http://www.w3.org/2001/XMLSchema#dateTime>	<http://www.wikidata.org/entity/Q741182>	"dissolution of parliament"@en
<http://www.wikidata.org/entity/Q6210280>	"Joe Hendron"@en	<http://www.wikidata.org/entity/Q21128140>	"1st Northern Ireland Assembly"@en	<http://www.wikidata.org/entity/Q4882350>	"Belfast West"@en	<http://www.wikidata.org/entity/Q175443>	"Social Democratic and Labour Party"@en	"1998-06-25T00:00:00Z"^^<http://www.w3.org/2001/XMLSchema#dateTime>	<http://www.wikidata.org/entity/Q2076208>	"1998 Northern Ireland Assembly election"@en	"2003-04-28T00:00:00Z"^^<http://www.w3.org/2001/XMLSchema#dateTime>	<http://www.wikidata.org/entity/Q741182>	"dissolution of parliament"@en
<http://www.wikidata.org/entity/Q6228425>	"John Dallat"@en	<http://www.wikidata.org/entity/Q21128140>	"1st Northern Ireland Assembly"@en	<http://www.wikidata.org/entity/Q5328872>	"East Londonderry"@en	<http://www.wikidata.org/entity/Q175443>	"Social Democratic and Labour Party"@en	"1998-06-25T00:00:00Z"^^<http://www.w3.org/2001/XMLSchema#dateTime>	<http://www.wikidata.org/entity/Q2076208>	"1998 Northern Ireland Assembly election"@en	"2003-04-28T00:00:00Z"^^<http://www.w3.org/2001/XMLSchema#dateTime>	<http://www.wikidata.org/entity/Q741182>	"dissolution of parliament"@en
<http://www.wikidata.org/entity/Q6232854>	"John Fee"@en	<http://www.wikidata.org/entity/Q21128140>	"1st Northern Ireland Assembly"@en	<http://www.wikidata.org/entity/Q7019151>	"Newry and Armagh"@en	<http://www.wikidata.org/entity/Q175443>	"Social Democratic and Labour Party"@en	"1998-06-25T00:00:00Z"^^<http://www.w3.org/2001/XMLSchema#dateTime>	<http://www.wikidata.org/entity/Q2076208>	"1998 Northern Ireland Assembly election"@en	"2003-04-28T00:00:00Z"^^<http://www.w3.org/2001/XMLSchema#dateTime>	<http://www.wikidata.org/entity/Q741182>	"dissolution of parliament"@en
<http://www.wikidata.org/entity/Q6235810>	"John Gorman"@en	<http://www.wikidata.org/entity/Q21128140>	"1st Northern Ireland Assembly"@en	<http://www.wikidata.org/entity/Q7055150>	"North Down"@en	<http://www.wikidata.org/entity/Q841045>	"Ulster Unionist Party"@en	"1998-06-25T00:00:00Z"^^<http://www.w3.org/2001/XMLSchema#dateTime>	<http://www.wikidata.org/entity/Q2076208>	"1998 Northern Ireland Assembly election"@en	"2003-04-28T00:00:00Z"^^<http://www.w3.org/2001/XMLSchema#dateTime>	<http://www.wikidata.org/entity/Q741182>	"dissolution of parliament"@en
<http://www.wikidata.org/entity/Q6260828>	"John Tierney"@en	<http://www.wikidata.org/entity/Q21128140>	"1st Northern Ireland Assembly"@en	<http://www.wikidata.org/entity/Q5477379>	"Foyle"@en	<http://www.wikidata.org/entity/Q175443>	"Social Democratic and Labour Party"@en	"1998-06-25T00:00:00Z"^^<http://www.w3.org/2001/XMLSchema#dateTime>	<http://www.wikidata.org/entity/Q2076208>	"1998 Northern Ireland Assembly election"@en	"2003-04-28T00:00:00Z"^^<http://www.w3.org/2001/XMLSchema#dateTime>	<http://www.wikidata.org/entity/Q741182>	"dissolution of parliament"@en
<http://www.wikidata.org/entity/Q6388394>	"Ken Robinson"@en	<http://www.wikidata.org/entity/Q21128140>	"1st Northern Ireland Assembly"@en	<http://www.wikidata.org/entity/Q5327714>	"East Antrim"@en	<http://www.wikidata.org/entity/Q841045>	"Ulster Unionist Party"@en	"1998-06-25T00:00:00Z"^^<http://www.w3.org/2001/XMLSchema#dateTime>	<http://www.wikidata.org/entity/Q2076208>	"1998 Northern Ireland Assembly election"@en	"2003-04-28T00:00:00Z"^^<http://www.w3.org/2001/XMLSchema#dateTime>	<http://www.wikidata.org/entity/Q741182>	"dissolution of parliament"@en
<http://www.wikidata.org/entity/Q6405417>	"Kieran McCarthy"@en	<http://www.wikidata.org/entity/Q21128140>	"1st Northern Ireland Assembly"@en	<http://www.wikidata.org/entity/Q7621629>	"Strangford"@en	<http://www.wikidata.org/entity/Q244927>	"Alliance Party of Northern Ireland"@en	"1998-06-25T00:00:00Z"^^<http://www.w3.org/2001/XMLSchema#dateTime>	<http://www.wikidata.org/entity/Q2076208>	"1998 Northern Ireland Assembly election"@en	"2003-04-28T00:00:00Z"^^<http://www.w3.org/2001/XMLSchema#dateTime>	<http://www.wikidata.org/entity/Q741182>	"dissolution of parliament"@en
<http://www.wikidata.org/entity/Q6780408>	"Mary Nelis"@en	<http://www.wikidata.org/entity/Q21128140>	"1st Northern Ireland Assembly"@en	<http://www.wikidata.org/entity/Q5477379>	"Foyle"@en	<http://www.wikidata.org/entity/Q76382>	"Sinn Féin"@en	"1998-06-25T00:00:00Z"^^<http://www.w3.org/2001/XMLSchema#dateTime>	<http://www.wikidata.org/entity/Q2076208>	"1998 Northern Ireland Assembly election"@en	"2003-04-28T00:00:00Z"^^<http://www.w3.org/2001/XMLSchema#dateTime>	<http://www.wikidata.org/entity/Q741182>	"dissolution of parliament"@en
<http://www.wikidata.org/entity/Q6820881>	"Mervyn Carrick"@en	<http://www.wikidata.org/entity/Q21128140>	"1st Northern Ireland Assembly"@en	<http://www.wikidata.org/entity/Q7898475>	"Upper Bann"@en	<http://www.wikidata.org/entity/Q215519>	"Democratic Unionist Party"@en	"1998-06-25T00:00:00Z"^^<http://www.w3.org/2001/XMLSchema#dateTime>	<http://www.wikidata.org/entity/Q2076208>	"1998 Northern Ireland Assembly election"@en	"2003-04-28T00:00:00Z"^^<http://www.w3.org/2001/XMLSchema#dateTime>	<http://www.wikidata.org/entity/Q741182>	"dissolution of parliament"@en
<http://www.wikidata.org/entity/Q6829517>	"Michael Coyle"@en	<http://www.wikidata.org/entity/Q21128140>	"1st Northern Ireland Assembly"@en	<http://www.wikidata.org/entity/Q5328872>	"East Londonderry"@en	<http://www.wikidata.org/entity/Q175443>	"Social Democratic and Labour Party"@en	"2002-09-01T00:00:00Z"^^<http://www.w3.org/2001/XMLSchema#dateTime>			"2003-04-28T00:00:00Z"^^<http://www.w3.org/2001/XMLSchema#dateTime>	<http://www.wikidata.org/entity/Q741182>	"dissolution of parliament"@en
<http://www.wikidata.org/entity/Q6832692>	"Michael McGimpsey"@en	<http://www.wikidata.org/entity/Q21128140>	"1st Northern Ireland Assembly"@en	<http://www.wikidata.org/entity/Q4882329>	"Belfast South"@en	<http://www.wikidata.org/entity/Q841045>	"Ulster Unionist Party"@en	"1998-06-25T00:00:00Z"^^<http://www.w3.org/2001/XMLSchema#dateTime>	<http://www.wikidata.org/entity/Q2076208>	"1998 Northern Ireland Assembly election"@en	"2003-04-28T00:00:00Z"^^<http://www.w3.org/2001/XMLSchema#dateTime>	<http://www.wikidata.org/entity/Q741182>	"dissolution of parliament"@en
<http://www.wikidata.org/entity/Q6881061>	"Mitchel McLaughlin"@en	<http://www.wikidata.org/entity/Q21128140>	"1st Northern Ireland Assembly"@en	<http://www.wikidata.org/entity/Q5477379>	"Foyle"@en	<http://www.wikidata.org/entity/Q76382>	"Sinn Féin"@en	"1998-06-25T00:00:00Z"^^<http://www.w3.org/2001/XMLSchema#dateTime>	<http://www.wikidata.org/entity/Q2076208>	"1998 Northern Ireland Assembly election"@en	"2003-04-28T00:00:00Z"^^<http://www.w3.org/2001/XMLSchema#dateTime>	<http://www.wikidata.org/entity/Q741182>	"dissolution of parliament"@en
<http://www.wikidata.org/entity/Q6900013>	"Monica McWilliams"@en	<http://www.wikidata.org/entity/Q21128140>	"1st Northern Ireland Assembly"@en	<http://www.wikidata.org/entity/Q4882329>	"Belfast South"@en	<http://www.wikidata.org/entity/Q7058538>	"Northern Ireland Women's Coalition"@en	"1998-06-25T00:00:00Z"^^<http://www.w3.org/2001/XMLSchema#dateTime>	<http://www.wikidata.org/entity/Q2076208>	"1998 Northern Ireland Assembly election"@en	"2003-04-28T00:00:00Z"^^<http://www.w3.org/2001/XMLSchema#dateTime>	<http://www.wikidata.org/entity/Q741182>	"dissolution of parliament"@en
<http://www.wikidata.org/entity/Q694775>	"William McCrea"@en	<http://www.wikidata.org/entity/Q21128140>	"1st Northern Ireland Assembly"@en	<http://www.wikidata.org/entity/Q6841031>	"Mid Ulster"@en	<http://www.wikidata.org/entity/Q215519>	"Democratic Unionist Party"@en	"1998-06-25T00:00:00Z"^^<http://www.w3.org/2001/XMLSchema#dateTime>	<http://www.wikidata.org/entity/Q2076208>	"1998 Northern Ireland Assembly election"@en	"2003-04-28T00:00:00Z"^^<http://www.w3.org/2001/XMLSchema#dateTime>	<http://www.wikidata.org/entity/Q741182>	"dissolution of parliament"@en
<http://www.wikidata.org/entity/Q7051992>	"Norman Boyd"@en	<http://www.wikidata.org/entity/Q21128140>	"1st Northern Ireland Assembly"@en	<http://www.wikidata.org/entity/Q7565994>	"South Antrim"@en	<http://www.wikidata.org/entity/Q985706>	"UK Unionist Party"@en	"1998-06-25T00:00:00Z"^^<http://www.w3.org/2001/XMLSchema#dateTime>	<http://www.wikidata.org/entity/Q2076208>	"1998 Northern Ireland Assembly election"@en	"1999-01-15T00:00:00Z"^^<http://www.w3.org/2001/XMLSchema#dateTime>	<http://www.wikidata.org/entity/Q30580660>	"leaving party"@en
<http://www.wikidata.org/entity/Q7051992>	"Norman Boyd"@en	<http://www.wikidata.org/entity/Q21128140>	"1st Northern Ireland Assembly"@en	<http://www.wikidata.org/entity/Q7565994>	"South Antrim"@en	<http://www.wikidata.org/entity/Q7058534>	"Northern Ireland Unionist Party"@en	"1999-01-15T00:00:00Z"^^<http://www.w3.org/2001/XMLSchema#dateTime>			"2003-04-28T00:00:00Z"^^<http://www.w3.org/2001/XMLSchema#dateTime>	<http://www.wikidata.org/entity/Q741182>	"dissolution of parliament"@en
<http://www.wikidata.org/entity/Q7087558>	"Oliver Gibson"@en	<http://www.wikidata.org/entity/Q21128140>	"1st Northern Ireland Assembly"@en	<http://www.wikidata.org/entity/Q7986717>	"West Tyrone"@en	<http://www.wikidata.org/entity/Q215519>	"Democratic Unionist Party"@en	"1998-06-25T00:00:00Z"^^<http://www.w3.org/2001/XMLSchema#dateTime>	<http://www.wikidata.org/entity/Q2076208>	"1998 Northern Ireland Assembly election"@en	"2003-04-28T00:00:00Z"^^<http://www.w3.org/2001/XMLSchema#dateTime>	<http://www.wikidata.org/entity/Q741182>	"dissolution of parliament"@en
<http://www.wikidata.org/entity/Q7143777>	"Pat McNamee"@en	<http://www.wikidata.org/entity/Q21128140>	"1st Northern Ireland Assembly"@en	<http://www.wikidata.org/entity/Q7019151>	"Newry and Armagh"@en	<http://www.wikidata.org/entity/Q76382>	"Sinn Féin"@en	"1998-06-25T00:00:00Z"^^<http://www.w3.org/2001/XMLSchema#dateTime>	<http://www.wikidata.org/entity/Q2076208>	"1998 Northern Ireland Assembly election"@en	"2003-04-28T00:00:00Z"^^<http://www.w3.org/2001/XMLSchema#dateTime>	<http://www.wikidata.org/entity/Q741182>	"dissolution of parliament"@en
<http://www.wikidata.org/entity/Q7145695>	"Patricia Lewsley"@en	<http://www.wikidata.org/entity/Q21128140>	"1st Northern Ireland Assembly"@en	<http://www.wikidata.org/entity/Q15241246>	"Lagan Valley"@en	<http://www.wikidata.org/entity/Q175443>	"Social Democratic and Labour Party"@en	"1998-06-25T00:00:00Z"^^<http://www.w3.org/2001/XMLSchema#dateTime>	<http://www.wikidata.org/entity/Q2076208>	"1998 Northern Ireland Assembly election"@en	"2003-04-28T00:00:00Z"^^<http://www.w3.org/2001/XMLSchema#dateTime>	<http://www.wikidata.org/entity/Q741182>	"dissolution of parliament"@en
<http://www.wikidata.org/entity/Q7147555>	"Patrick Roche"@en	<http://www.wikidata.org/entity/Q21128140>	"1st Northern Ireland Assembly"@en	<http://www.wikidata.org/entity/Q15241246>	"Lagan Valley"@en	<http://www.wikidata.org/entity/Q985706>	"UK Unionist Party"@en	"1998-06-25T00:00:00Z"^^<http://www.w3.org/2001/XMLSchema#dateTime>	<http://www.wikidata.org/entity/Q2076208>	"1998 Northern Ireland Assembly election"@en	"1999-01-15T00:00:00Z"^^<http://www.w3.org/2001/XMLSchema#dateTime>	<http://www.wikidata.org/entity/Q30580660>	"leaving party"@en
<http://www.wikidata.org/entity/Q7147555>	"Patrick Roche"@en	<http://www.wikidata.org/entity/Q21128140>	"1st Northern Ireland Assembly"@en	<http://www.wikidata.org/entity/Q15241246>	"Lagan Valley"@en	<http://www.wikidata.org/entity/Q7058534>	"Northern Ireland Unionist Party"@en	"1999-01-15T00:00:00Z"^^<http://www.w3.org/2001/XMLSchema#dateTime>			"2003-04-28T00:00:00Z"^^<http://www.w3.org/2001/XMLSchema#dateTime>	<http://www.wikidata.org/entity/Q741182>	"dissolution of parliament"@en
<http://www.wikidata.org/entity/Q7154975>	"Pauline Armitage"@en	<http://www.wikidata.org/entity/Q21128140>	"1st Northern Ireland Assembly"@en	<http://www.wikidata.org/entity/Q5328872>	"East Londonderry"@en	<http://www.wikidata.org/entity/Q841045>	"Ulster Unionist Party"@en	"1998-06-25T00:00:00Z"^^<http://www.w3.org/2001/XMLSchema#dateTime>	<http://www.wikidata.org/entity/Q2076208>	"1998 Northern Ireland Assembly election"@en	"2001-11-09T00:00:00Z"^^<http://www.w3.org/2001/XMLSchema#dateTime>	<http://www.wikidata.org/entity/Q1787171>	"exclusion from a political party"@en
<http://www.wikidata.org/entity/Q7154975>	"Pauline Armitage"@en	<http://www.wikidata.org/entity/Q21128140>	"1st Northern Ireland Assembly"@en	<http://www.wikidata.org/entity/Q5328872>	"East Londonderry"@en	<http://www.wikidata.org/entity/Q327591>	"independent politician"@en	"2001-11-09T00:00:00Z"^^<http://www.w3.org/2001/XMLSchema#dateTime>			"2003-04-28T00:00:00Z"^^<http://www.w3.org/2001/XMLSchema#dateTime>	<http://www.wikidata.org/entity/Q741182>	"dissolution of parliament"@en
<http://www.wikidata.org/entity/Q7177640>	"Peter Weir"@en	<http://www.wikidata.org/entity/Q21128140>	"1st Northern Ireland Assembly"@en	<http://www.wikidata.org/entity/Q7055150>	"North Down"@en	<http://www.wikidata.org/entity/Q841045>	"Ulster Unionist Party"@en	"1998-06-25T00:00:00Z"^^<http://www.w3.org/2001/XMLSchema#dateTime>	<http://www.wikidata.org/entity/Q2076208>	"1998 Northern Ireland Assembly election"@en	"2001-11-09T00:00:00Z"^^<http://www.w3.org/2001/XMLSchema#dateTime>	<http://www.wikidata.org/entity/Q1787171>	"exclusion from a political party"@en
<http://www.wikidata.org/entity/Q7177640>	"Peter Weir"@en	<http://www.wikidata.org/entity/Q21128140>	"1st Northern Ireland Assembly"@en	<http://www.wikidata.org/entity/Q7055150>	"North Down"@en	<http://www.wikidata.org/entity/Q327591>	"independent politician"@en	"2001-11-09T00:00:00Z"^^<http://www.w3.org/2001/XMLSchema#dateTime>			"2002-04-30T00:00:00Z"^^<http://www.w3.org/2001/XMLSchema#dateTime>	<http://www.wikidata.org/entity/Q35867887>	"rejoining party"@en
<http://www.wikidata.org/entity/Q7177640>	"Peter Weir"@en	<http://www.wikidata.org/entity/Q21128140>	"1st Northern Ireland Assembly"@en	<http://www.wikidata.org/entity/Q7055150>	"North Down"@en	<http://www.wikidata.org/entity/Q215519>	"Democratic Unionist Party"@en	"2002-04-30T00:00:00Z"^^<http://www.w3.org/2001/XMLSchema#dateTime>			"2003-04-28T00:00:00Z"^^<http://www.w3.org/2001/XMLSchema#dateTime>	<http://www.wikidata.org/entity/Q741182>	"dissolution of parliament"@en
<http://www.wikidata.org/entity/Q7343139>	"Robert Coulter"@en	<http://www.wikidata.org/entity/Q21128140>	"1st Northern Ireland Assembly"@en	<http://www.wikidata.org/entity/Q7053953>	"North Antrim"@en	<http://www.wikidata.org/entity/Q841045>	"Ulster Unionist Party"@en	"1998-06-25T00:00:00Z"^^<http://www.w3.org/2001/XMLSchema#dateTime>	<http://www.wikidata.org/entity/Q2076208>	"1998 Northern Ireland Assembly election"@en	"2003-04-28T00:00:00Z"^^<http://www.w3.org/2001/XMLSchema#dateTime>	<http://www.wikidata.org/entity/Q741182>	"dissolution of parliament"@en
<http://www.wikidata.org/entity/Q7347473>	"Robert McCartney"@en	<http://www.wikidata.org/entity/Q21128140>	"1st Northern Ireland Assembly"@en	<http://www.wikidata.org/entity/Q7055150>	"North Down"@en	<http://www.wikidata.org/entity/Q985706>	"UK Unionist Party"@en	"1998-06-25T00:00:00Z"^^<http://www.w3.org/2001/XMLSchema#dateTime>	<http://www.wikidata.org/entity/Q2076208>	"1998 Northern Ireland Assembly election"@en	"2003-04-28T00:00:00Z"^^<http://www.w3.org/2001/XMLSchema#dateTime>	<http://www.wikidata.org/entity/Q741182>	"dissolution of parliament"@en
<http://www.wikidata.org/entity/Q7358372>	"Roger Hutchinson"@en	<http://www.wikidata.org/entity/Q21128140>	"1st Northern Ireland Assembly"@en	<http://www.wikidata.org/entity/Q5327714>	"East Antrim"@en	<http://www.wikidata.org/entity/Q215519>	"Democratic Unionist Party"@en	"1998-06-25T00:00:00Z"^^<http://www.w3.org/2001/XMLSchema#dateTime>	<http://www.wikidata.org/entity/Q2076208>	"1998 Northern Ireland Assembly election"@en	"2003-04-28T00:00:00Z"^^<http://www.w3.org/2001/XMLSchema#dateTime>	<http://www.wikidata.org/entity/Q741182>	"dissolution of parliament"@en
<http://www.wikidata.org/entity/Q7372562>	"Roy Beggs, Jr."@en	<http://www.wikidata.org/entity/Q21128140>	"1st Northern Ireland Assembly"@en	<http://www.wikidata.org/entity/Q5327714>	"East Antrim"@en	<http://www.wikidata.org/entity/Q841045>	"Ulster Unionist Party"@en	"1998-06-25T00:00:00Z"^^<http://www.w3.org/2001/XMLSchema#dateTime>	<http://www.wikidata.org/entity/Q2076208>	"1998 Northern Ireland Assembly election"@en	"2003-04-28T00:00:00Z"^^<http://www.w3.org/2001/XMLSchema#dateTime>	<http://www.wikidata.org/entity/Q741182>	"dissolution of parliament"@en
<http://www.wikidata.org/entity/Q7407480>	"Sam Foster"@en	<http://www.wikidata.org/entity/Q21128140>	"1st Northern Ireland Assembly"@en	<http://www.wikidata.org/entity/Q5444367>	"Fermanagh and South Tyrone"@en	<http://www.wikidata.org/entity/Q841045>	"Ulster Unionist Party"@en	"1998-06-25T00:00:00Z"^^<http://www.w3.org/2001/XMLSchema#dateTime>	<http://www.wikidata.org/entity/Q2076208>	"1998 Northern Ireland Assembly election"@en	"2003-04-28T00:00:00Z"^^<http://www.w3.org/2001/XMLSchema#dateTime>	<http://www.wikidata.org/entity/Q741182>	"dissolution of parliament"@en
<http://www.wikidata.org/entity/Q7440740>	"Seamus Close"@en	<http://www.wikidata.org/entity/Q21128140>	"1st Northern Ireland Assembly"@en	<http://www.wikidata.org/entity/Q15241246>	"Lagan Valley"@en	<http://www.wikidata.org/entity/Q244927>	"Alliance Party of Northern Ireland"@en	"1998-06-25T00:00:00Z"^^<http://www.w3.org/2001/XMLSchema#dateTime>	<http://www.wikidata.org/entity/Q2076208>	"1998 Northern Ireland Assembly election"@en	"2003-04-28T00:00:00Z"^^<http://www.w3.org/2001/XMLSchema#dateTime>	<http://www.wikidata.org/entity/Q741182>	"dissolution of parliament"@en
<http://www.wikidata.org/entity/Q7440987>	"Sean Farren"@en	<http://www.wikidata.org/entity/Q21128140>	"1st Northern Ireland Assembly"@en	<http://www.wikidata.org/entity/Q7053953>	"North Antrim"@en	<http://www.wikidata.org/entity/Q175443>	"Social Democratic and Labour Party"@en	"1998-06-25T00:00:00Z"^^<http://www.w3.org/2001/XMLSchema#dateTime>	<http://www.wikidata.org/entity/Q2076208>	"1998 Northern Ireland Assembly election"@en	"2003-04-28T00:00:00Z"^^<http://www.w3.org/2001/XMLSchema#dateTime>	<http://www.wikidata.org/entity/Q741182>	"dissolution of parliament"@en
<http://www.wikidata.org/entity/Q7459580>	"Seán Neeson"@en	<http://www.wikidata.org/entity/Q21128140>	"1st Northern Ireland Assembly"@en	<http://www.wikidata.org/entity/Q5327714>	"East Antrim"@en	<http://www.wikidata.org/entity/Q244927>	"Alliance Party of Northern Ireland"@en	"1998-06-25T00:00:00Z"^^<http://www.w3.org/2001/XMLSchema#dateTime>	<http://www.wikidata.org/entity/Q2076208>	"1998 Northern Ireland Assembly election"@en	"2003-04-28T00:00:00Z"^^<http://www.w3.org/2001/XMLSchema#dateTime>	<http://www.wikidata.org/entity/Q741182>	"dissolution of parliament"@en
<http://www.wikidata.org/entity/Q76139>	"Gerry Adams"@en	<http://www.wikidata.org/entity/Q21128140>	"1st Northern Ireland Assembly"@en	<http://www.wikidata.org/entity/Q4882350>	"Belfast West"@en	<http://www.wikidata.org/entity/Q76382>	"Sinn Féin"@en	"1998-06-25T00:00:00Z"^^<http://www.w3.org/2001/XMLSchema#dateTime>	<http://www.wikidata.org/entity/Q2076208>	"1998 Northern Ireland Assembly election"@en	"2003-04-28T00:00:00Z"^^<http://www.w3.org/2001/XMLSchema#dateTime>	<http://www.wikidata.org/entity/Q741182>	"dissolution of parliament"@en
<http://www.wikidata.org/entity/Q7634245>	"Sue Ramsey"@en	<http://www.wikidata.org/entity/Q21128140>	"1st Northern Ireland Assembly"@en	<http://www.wikidata.org/entity/Q4882350>	"Belfast West"@en	<http://www.wikidata.org/entity/Q76382>	"Sinn Féin"@en	"1998-06-25T00:00:00Z"^^<http://www.w3.org/2001/XMLSchema#dateTime>	<http://www.wikidata.org/entity/Q2076208>	"1998 Northern Ireland Assembly election"@en	"2003-04-28T00:00:00Z"^^<http://www.w3.org/2001/XMLSchema#dateTime>	<http://www.wikidata.org/entity/Q741182>	"dissolution of parliament"@en
<http://www.wikidata.org/entity/Q7814943>	"Tom Benson"@en	<http://www.wikidata.org/entity/Q21128140>	"1st Northern Ireland Assembly"@en	<http://www.wikidata.org/entity/Q7621629>	"Strangford"@en	<http://www.wikidata.org/entity/Q841045>	"Ulster Unionist Party"@en	"1998-06-25T00:00:00Z"^^<http://www.w3.org/2001/XMLSchema#dateTime>	<http://www.wikidata.org/entity/Q2076208>	"1998 Northern Ireland Assembly election"@en	"2000-12-24T00:00:00Z"^^<http://www.w3.org/2001/XMLSchema#dateTime>	<http://www.wikidata.org/entity/Q5247364>	"death in office"@en
<http://www.wikidata.org/entity/Q7819429>	"Tommy Gallagher"@en	<http://www.wikidata.org/entity/Q21128140>	"1st Northern Ireland Assembly"@en	<http://www.wikidata.org/entity/Q5444367>	"Fermanagh and South Tyrone"@en	<http://www.wikidata.org/entity/Q175443>	"Social Democratic and Labour Party"@en	"1998-06-25T00:00:00Z"^^<http://www.w3.org/2001/XMLSchema#dateTime>	<http://www.wikidata.org/entity/Q2076208>	"1998 Northern Ireland Assembly election"@en	"2003-04-28T00:00:00Z"^^<http://www.w3.org/2001/XMLSchema#dateTime>	<http://www.wikidata.org/entity/Q741182>	"dissolution of parliament"@en
<http://www.wikidata.org/entity/Q8011049>	"William Hay"@en	<http://www.wikidata.org/entity/Q21128140>	"1st Northern Ireland Assembly"@en	<http://www.wikidata.org/entity/Q5477379>	"Foyle"@en	<http://www.wikidata.org/entity/Q215519>	"Democratic Unionist Party"@en	"1998-06-25T00:00:00Z"^^<http://www.w3.org/2001/XMLSchema#dateTime>	<http://www.wikidata.org/entity/Q2076208>	"1998 Northern Ireland Assembly election"@en	"2003-04-28T00:00:00Z"^^<http://www.w3.org/2001/XMLSchema#dateTime>	<http://www.wikidata.org/entity/Q741182>	"dissolution of parliament"@en
<http://www.wikidata.org/entity/Q8023012>	"Wilson Clyde"@en	<http://www.wikidata.org/entity/Q21128140>	"1st Northern Ireland Assembly"@en	<http://www.wikidata.org/entity/Q7565994>	"South Antrim"@en	<http://www.wikidata.org/entity/Q215519>	"Democratic Unionist Party"@en	"1998-06-25T00:00:00Z"^^<http://www.w3.org/2001/XMLSchema#dateTime>	<http://www.wikidata.org/entity/Q2076208>	"1998 Northern Ireland Assembly election"@en	"2003-04-28T00:00:00Z"^^<http://www.w3.org/2001/XMLSchema#dateTime>	<http://www.wikidata.org/entity/Q741182>	"dissolution of parliament"@en
<http://www.wikidata.org/entity/Q57689>	"Martin McGuinness"@en	<http://www.wikidata.org/entity/Q21128140>	"1st Northern Ireland Assembly"@en	<http://www.wikidata.org/entity/Q6841031>	"Mid Ulster"@en	<http://www.wikidata.org/entity/Q76382>	"Sinn Féin"@en	"1998-06-25T00:00:00Z"^^<http://www.w3.org/2001/XMLSchema#dateTime>	<http://www.wikidata.org/entity/Q2076208>	"1998 Northern Ireland Assembly election"@en	"2003-04-28T00:00:00Z"^^<http://www.w3.org/2001/XMLSchema#dateTime>	<http://www.wikidata.org/entity/Q741182>	"dissolution of parliament"@en
